label_id	anchor_x	anchor_y	anchor_z	bb_min_x	bb_min_y	bb_min_z	bb_max_x	bb_max_y	bb_max_z	n_pixels
1.0	11491.800139438346	11908.17157578019	8060.928304037974	8368.0	9216.0	3552.0	15072.0	14672.0	12176.0	35214131.0
