label_id	anchor_x	anchor_y	anchor_z	bb_min_x	bb_min_y	bb_min_z	bb_max_x	bb_max_y	bb_max_z	n_pixels
1.0	11.10117330675242	14.304864347555446	7.797346939139269	6.016	9.072000000000001	2.096	16.624	19.008	12.912	5834764.0
