label_id	anchor_x	anchor_y	anchor_z	bb_min_x	bb_min_y	bb_min_z	bb_max_x	bb_max_y	bb_max_z	n_pixels
1.0	11685.278188084685	16649.709502708025	11607.74790743476	11376.0	16160.0	11184.0	12000.0	17120.0	12128.0	4062.0
