label_id	anchor_x	anchor_y	anchor_z	bb_min_x	bb_min_y	bb_min_z	bb_max_x	bb_max_y	bb_max_z	n_pixels
1.0	10875.798003623328	13827.1448864367	8110.487733607982	5776.0	8560.0	1360.0	16944.0	19280.0	13648.0	23409410.0
