label_id	anchor_x	anchor_y	anchor_z	bb_min_x	bb_min_y	bb_min_z	bb_max_x	bb_max_y	bb_max_z	n_pixels
1.0	10324.303215274327	12142.654780325072	6349.611952587125	9344.0	11168.0	5312.0	11424.0	13440.0	7088.0	563560.0
