label_id	anchor_x	anchor_y	anchor_z	bb_min_x	bb_min_y	bb_min_z	bb_max_x	bb_max_y	bb_max_z	n_pixels
2.0	10087.982110471361	16030.013558008905	5778.032363143345	8192.0	14128.0	3792.0	12768.0	17856.0	7952.0	56793.0
