label_id	anchor_x	anchor_y	anchor_z	bb_min_x	bb_min_y	bb_min_z	bb_max_x	bb_max_y	bb_max_z	n_pixels
1.0	7416.152680151431	13866.074746719869	8634.46753008693	6208.0	12512.0	7152.0	8368.0	15312.0	9888.0	141839.0
2.0	15314.611458624664	14293.396672510347	7425.746611458621	14208.0	13120.0	6288.0	16544.0	15680.0	8848.0	146597.0
