label_id	anchor_x	anchor_y	anchor_z	bb_min_x	bb_min_y	bb_min_z	bb_max_x	bb_max_y	bb_max_z	n_pixels
1.0	10920.592125984253	17899.01822272216	7605.892463442073	10352.0	16912.0	7088.0	11328.0	18592.0	8064.0	4445.0
2.0	12199.221984531841	17862.745433602107	9517.654105644233	11488.0	17648.0	9168.0	12944.0	18000.0	9840.0	6077.0
3.0	11765.458554512046	17914.67211106574	9199.405471621072	11072.0	17568.0	8960.0	13136.0	18128.0	9968.0	4898.0
